{
  "id": "4254713",
  "name": "图标",
  "font_family": "iconfont",
  "css_prefix_text": "icon-",
  "description": "",
  "glyphs": [
    {
      "icon_id": "980",
      "name": "淘宝特色",
      "font_class": "taobaotese",
      "unicode": "e602",
      "unicode_decimal": 58882
    },
    {
      "icon_id": "6602714",
      "name": "付款",
      "font_class": "fukuan",
      "unicode": "e656",
      "unicode_decimal": 58966
    },
    {
      "icon_id": "1252",
      "name": "帮助",
      "font_class": "bangzhu",
      "unicode": "e600",
      "unicode_decimal": 58880
    },
    {
      "icon_id": "738198",
      "name": "安全",
      "font_class": "anquan",
      "unicode": "e623",
      "unicode_decimal": 58915
    }
  ]
}
